Task ID,Task Name,Description,Priority,Deadline,Status,Assignee,Time Taken (hrs),Overdue,Days Until Deadline,Processed_Description,Category,PriorityEncoded
1,Task 1,Description of task 1,Low,2025-04-10 05:31:39,In Progress,User1,1,True,-46,descript task,Overdue,1
2,Task 2,Description of task 2,High,2025-01-27 05:31:39,Completed,User4,9,True,-119,descript task,Overdue,0
3,Task 3,Description of task 3,Low,2025-04-13 05:31:39,To Do,User4,6,True,-43,descript task,Overdue,1
4,Task 4,Description of task 4,Low,2025-02-14 05:31:39,To Do,User4,7,True,-101,descript task,Overdue,1
5,Task 5,Description of task 5,High,2025-05-07 05:31:39,To Do,User4,7,True,-19,descript task,Overdue,0
6,Task 6,Description of task 6,High,2025-09-10 05:31:39,To Do,User4,3,False,107,descript task,On Time,0
7,Task 7,Description of task 7,Low,2025-08-13 05:31:39,Completed,User3,2,False,79,descript task,On Time,1
8,Task 8,Description of task 8,Medium,2025-07-14 05:31:39,To Do,User3,9,False,49,descript task,On Time,2
9,Task 9,Description of task 9,Low,2025-01-05 05:31:39,In Progress,User1,8,True,-141,descript task,Overdue,1
10,Task 10,Description of task 10,Low,2024-12-23 05:31:39,In Progress,User4,7,True,-154,descript task,Overdue,1
11,Task 11,Description of task 11,Low,2025-04-09 05:31:39,In Progress,User1,9,True,-47,descript task,Overdue,1
12,Task 12,Description of task 12,Low,2025-06-14 05:31:39,Completed,User4,4,False,19,descript task,On Time,1
13,Task 13,Description of task 13,High,2025-10-19 05:31:39,To Do,User4,4,False,146,descript task,On Time,0
14,Task 14,Description of task 14,Low,2025-08-20 05:31:39,To Do,User3,1,False,86,descript task,On Time,1
15,Task 15,Description of task 15,Medium,2024-12-28 05:31:39,To Do,User3,8,True,-149,descript task,Overdue,2
16,Task 16,Description of task 16,High,2025-01-12 05:31:39,Completed,User2,3,True,-134,descript task,Overdue,0
17,Task 17,Description of task 17,Medium,2025-01-26 05:31:39,In Progress,User3,7,True,-120,descript task,Overdue,2
18,Task 18,Description of task 18,Medium,2025-06-29 05:31:39,In Progress,User2,2,False,34,descript task,On Time,2
19,Task 19,Description of task 19,Medium,2025-09-14 05:31:39,To Do,User2,2,False,111,descript task,On Time,2
20,Task 20,Description of task 20,Medium,2025-03-04 05:31:39,In Progress,User2,7,True,-83,descript task,Overdue,2
21,Task 21,Description of task 21,High,2025-05-16 05:31:39,In Progress,User2,6,True,-10,descript task,Overdue,0
22,Task 22,Description of task 22,High,2025-11-20 05:31:39,Completed,User2,3,False,178,descript task,On Time,0
23,Task 23,Description of task 23,Medium,2025-06-27 05:31:39,Completed,User1,9,False,32,descript task,On Time,2
24,Task 24,Description of task 24,Medium,2024-12-30 05:31:39,Completed,User3,6,True,-147,descript task,Overdue,2
25,Task 25,Description of task 25,High,2025-07-10 05:31:39,Completed,User2,6,False,45,descript task,On Time,0
26,Task 26,Description of task 26,High,2025-03-06 05:31:39,To Do,User4,1,True,-81,descript task,Overdue,0
27,Task 27,Description of task 27,High,2025-04-05 05:31:39,Completed,User3,4,True,-51,descript task,Overdue,0
28,Task 28,Description of task 28,Low,2025-08-09 05:31:39,In Progress,User3,6,False,75,descript task,On Time,1
29,Task 29,Description of task 29,Low,2024-11-30 05:31:39,To Do,User2,6,True,-177,descript task,Overdue,1
30,Task 30,Description of task 30,Low,2025-07-01 05:31:39,In Progress,User1,5,False,36,descript task,On Time,1
31,Task 31,Description of task 31,Medium,2025-08-07 05:31:39,In Progress,User2,1,False,73,descript task,On Time,2
32,Task 32,Description of task 32,Low,2025-11-19 05:31:39,In Progress,User1,8,False,177,descript task,On Time,1
33,Task 33,Description of task 33,Medium,2025-09-04 05:31:39,Completed,User4,5,False,101,descript task,On Time,2
34,Task 34,Description of task 34,Medium,2025-06-20 05:31:39,Completed,User3,5,False,25,descript task,On Time,2
35,Task 35,Description of task 35,Low,2024-12-10 05:31:39,To Do,User4,7,True,-167,descript task,Overdue,1
36,Task 36,Description of task 36,Medium,2025-11-06 05:31:39,To Do,User1,4,False,164,descript task,On Time,2
37,Task 37,Description of task 37,Low,2025-01-06 05:31:39,Completed,User1,6,True,-140,descript task,Overdue,1
38,Task 38,Description of task 38,Low,2025-05-23 05:31:39,In Progress,User4,4,True,-3,descript task,Overdue,1
39,Task 39,Description of task 39,High,2025-01-27 05:31:39,To Do,User1,3,True,-119,descript task,Overdue,0
40,Task 40,Description of task 40,Low,2025-11-12 05:31:39,Completed,User4,7,False,170,descript task,On Time,1
41,Task 41,Description of task 41,High,2025-07-14 05:31:39,Completed,User3,8,False,49,descript task,On Time,0
42,Task 42,Description of task 42,Low,2025-07-24 05:31:39,Completed,User4,4,False,59,descript task,On Time,1
43,Task 43,Description of task 43,Low,2025-01-16 05:31:39,In Progress,User3,2,True,-130,descript task,Overdue,1
44,Task 44,Description of task 44,High,2025-03-01 05:31:39,Completed,User4,3,True,-86,descript task,Overdue,0
45,Task 45,Description of task 45,High,2025-07-05 05:31:39,Completed,User1,1,False,40,descript task,On Time,0
46,Task 46,Description of task 46,Low,2025-07-14 05:31:39,Completed,User4,8,False,49,descript task,On Time,1
47,Task 47,Description of task 47,Medium,2025-07-20 05:31:39,Completed,User1,3,False,55,descript task,On Time,2
48,Task 48,Description of task 48,High,2025-04-17 05:31:39,To Do,User4,7,True,-39,descript task,Overdue,0
49,Task 49,Description of task 49,Medium,2025-05-15 05:31:39,To Do,User4,5,True,-11,descript task,Overdue,2
50,Task 50,Description of task 50,Medium,2024-12-24 05:31:39,Completed,User2,5,True,-153,descript task,Overdue,2
51,Task 51,Description of task 51,Medium,2024-12-31 05:31:39,In Progress,User1,7,True,-146,descript task,Overdue,2
52,Task 52,Description of task 52,High,2024-12-08 05:31:39,To Do,User2,9,True,-169,descript task,Overdue,0
53,Task 53,Description of task 53,Medium,2025-05-04 05:31:39,Completed,User1,5,True,-22,descript task,Overdue,2
54,Task 54,Description of task 54,High,2025-10-18 05:31:39,To Do,User2,1,False,145,descript task,On Time,0
55,Task 55,Description of task 55,Medium,2025-05-31 05:31:39,To Do,User3,1,False,5,descript task,On Time,2
56,Task 56,Description of task 56,Low,2025-07-26 05:31:39,In Progress,User4,2,False,61,descript task,On Time,1
57,Task 57,Description of task 57,Low,2025-02-19 05:31:39,Completed,User1,6,True,-96,descript task,Overdue,1
58,Task 58,Description of task 58,High,2025-09-05 05:31:39,Completed,User1,9,False,102,descript task,On Time,0
59,Task 59,Description of task 59,Low,2025-01-30 05:31:39,In Progress,User4,8,True,-116,descript task,Overdue,1
60,Task 60,Description of task 60,Low,2025-05-14 05:31:39,In Progress,User1,5,True,-12,descript task,Overdue,1
61,Task 61,Description of task 61,Medium,2025-01-09 05:31:39,Completed,User1,1,True,-137,descript task,Overdue,2
62,Task 62,Description of task 62,High,2025-01-26 05:31:39,Completed,User2,7,True,-120,descript task,Overdue,0
63,Task 63,Description of task 63,Medium,2025-04-08 05:31:39,In Progress,User1,5,True,-48,descript task,Overdue,2
64,Task 64,Description of task 64,Medium,2025-09-05 05:31:39,To Do,User3,6,False,102,descript task,On Time,2
65,Task 65,Description of task 65,Medium,2024-12-23 05:31:39,To Do,User3,7,True,-154,descript task,Overdue,2
66,Task 66,Description of task 66,Medium,2025-03-13 05:31:39,In Progress,User4,3,True,-74,descript task,Overdue,2
67,Task 67,Description of task 67,Medium,2025-01-08 05:31:39,To Do,User1,3,True,-138,descript task,Overdue,2
68,Task 68,Description of task 68,Medium,2025-10-31 05:31:39,In Progress,User4,5,False,158,descript task,On Time,2
69,Task 69,Description of task 69,Medium,2025-09-07 05:31:39,To Do,User3,6,False,104,descript task,On Time,2
70,Task 70,Description of task 70,High,2025-10-22 05:31:39,To Do,User1,9,False,149,descript task,On Time,0
71,Task 71,Description of task 71,Low,2025-04-02 05:31:39,Completed,User1,5,True,-54,descript task,Overdue,1
72,Task 72,Description of task 72,Medium,2025-11-08 05:31:39,Completed,User4,1,False,166,descript task,On Time,2
73,Task 73,Description of task 73,Medium,2025-07-14 05:31:39,To Do,User3,4,False,49,descript task,On Time,2
74,Task 74,Description of task 74,Medium,2025-06-03 05:31:39,To Do,User1,5,False,8,descript task,On Time,2
75,Task 75,Description of task 75,Medium,2025-07-08 05:31:39,Completed,User4,5,False,43,descript task,On Time,2
76,Task 76,Description of task 76,Medium,2025-09-04 05:31:39,Completed,User3,7,False,101,descript task,On Time,2
77,Task 77,Description of task 77,Medium,2025-03-26 05:31:39,Completed,User4,4,True,-61,descript task,Overdue,2
78,Task 78,Description of task 78,Low,2025-03-21 05:31:39,In Progress,User2,1,True,-66,descript task,Overdue,1
79,Task 79,Description of task 79,Low,2025-07-16 05:31:39,To Do,User1,5,False,51,descript task,On Time,1
80,Task 80,Description of task 80,Medium,2025-08-11 05:31:39,Completed,User2,7,False,77,descript task,On Time,2
81,Task 81,Description of task 81,Low,2025-11-19 05:31:39,To Do,User3,6,False,177,descript task,On Time,1
82,Task 82,Description of task 82,High,2025-06-11 05:31:39,In Progress,User2,5,False,16,descript task,On Time,0
83,Task 83,Description of task 83,Medium,2025-04-11 05:31:39,In Progress,User2,4,True,-45,descript task,Overdue,2
84,Task 84,Description of task 84,High,2025-10-09 05:31:39,Completed,User3,2,False,136,descript task,On Time,0
85,Task 85,Description of task 85,High,2025-05-09 05:31:39,In Progress,User4,4,True,-17,descript task,Overdue,0
86,Task 86,Description of task 86,Medium,2025-07-08 05:31:39,To Do,User2,3,False,43,descript task,On Time,2
87,Task 87,Description of task 87,Low,2025-09-28 05:31:39,Completed,User4,1,False,125,descript task,On Time,1
88,Task 88,Description of task 88,High,2025-07-17 05:31:39,To Do,User2,8,False,52,descript task,On Time,0
89,Task 89,Description of task 89,Medium,2025-05-16 05:31:39,To Do,User4,5,True,-10,descript task,Overdue,2
90,Task 90,Description of task 90,High,2025-04-26 05:31:39,In Progress,User3,4,True,-30,descript task,Overdue,0
91,Task 91,Description of task 91,High,2025-10-06 05:31:39,In Progress,User2,8,False,133,descript task,On Time,0
92,Task 92,Description of task 92,High,2025-05-04 05:31:39,In Progress,User3,7,True,-22,descript task,Overdue,0
93,Task 93,Description of task 93,High,2025-03-01 05:31:39,In Progress,User2,2,True,-86,descript task,Overdue,0
94,Task 94,Description of task 94,Low,2025-07-16 05:31:39,In Progress,User3,1,False,51,descript task,On Time,1
95,Task 95,Description of task 95,High,2025-05-24 05:31:39,Completed,User3,4,True,-2,descript task,Overdue,0
96,Task 96,Description of task 96,High,2025-03-18 05:31:39,To Do,User2,8,True,-69,descript task,Overdue,0
97,Task 97,Description of task 97,High,2025-10-09 05:31:39,To Do,User2,2,False,136,descript task,On Time,0
98,Task 98,Description of task 98,Low,2025-01-16 05:31:39,To Do,User2,3,True,-130,descript task,Overdue,1
99,Task 99,Description of task 99,High,2025-08-20 05:31:39,To Do,User1,1,False,86,descript task,On Time,0
100,Task 100,Description of task 100,High,2025-09-16 05:31:39,In Progress,User4,1,False,113,descript task,On Time,0
